<?xml version="1.0" ?>
<LOG_ROOT>
	<PROJECT NAME="instr_rom_rv32i">
		<CBX_INST_ENTRY INSTANCE_NAME="|instr_rom_rv32i|lpm_mux:mem_rtl_12" CBX_FILE_NAME="mux_u5d.tdf"/>
		<CBX_INST_ENTRY INSTANCE_NAME="|instr_rom_rv32i|lpm_mux:mem_rtl_21" CBX_FILE_NAME="mux_kpc.tdf"/>
		<CBX_INST_ENTRY INSTANCE_NAME="|instr_rom_rv32i|lpm_mux:mem_rtl_29" CBX_FILE_NAME="mux_u5d.tdf"/>
		<CBX_INST_ENTRY INSTANCE_NAME="|instr_rom_rv32i|lpm_mux:mem_rtl_3" CBX_FILE_NAME="mux_u5d.tdf"/>
		<CBX_INST_ENTRY INSTANCE_NAME="|instr_rom_rv32i|lpm_mux:mem_rtl_30" CBX_FILE_NAME="mux_u5d.tdf"/>
		<CBX_INST_ENTRY INSTANCE_NAME="|instr_rom_rv32i|lpm_mux:mem_rtl_13" CBX_FILE_NAME="mux_kpc.tdf"/>
		<CBX_INST_ENTRY INSTANCE_NAME="|instr_rom_rv32i|lpm_mux:mem_rtl_22" CBX_FILE_NAME="mux_kpc.tdf"/>
		<CBX_INST_ENTRY INSTANCE_NAME="|instr_rom_rv32i|lpm_mux:mem_rtl_31" CBX_FILE_NAME="mux_u5d.tdf"/>
		<CBX_INST_ENTRY INSTANCE_NAME="|instr_rom_rv32i|lpm_mux:mem_rtl_4" CBX_FILE_NAME="mux_kpc.tdf"/>
		<CBX_INST_ENTRY INSTANCE_NAME="|instr_rom_rv32i|lpm_mux:mem_rtl_14" CBX_FILE_NAME="mux_u5d.tdf"/>
		<CBX_INST_ENTRY INSTANCE_NAME="|instr_rom_rv32i|lpm_mux:mem_rtl_23" CBX_FILE_NAME="mux_u5d.tdf"/>
		<CBX_INST_ENTRY INSTANCE_NAME="|instr_rom_rv32i|lpm_mux:mem_rtl_5" CBX_FILE_NAME="mux_kpc.tdf"/>
		<CBX_INST_ENTRY INSTANCE_NAME="|instr_rom_rv32i|lpm_mux:mem_rtl_15" CBX_FILE_NAME="mux_kpc.tdf"/>
		<CBX_INST_ENTRY INSTANCE_NAME="|instr_rom_rv32i|lpm_mux:mem_rtl_24" CBX_FILE_NAME="mux_u5d.tdf"/>
		<CBX_INST_ENTRY INSTANCE_NAME="|instr_rom_rv32i|lpm_mux:mem_rtl_6" CBX_FILE_NAME="mux_u5d.tdf"/>
		<CBX_INST_ENTRY INSTANCE_NAME="|instr_rom_rv32i|lpm_mux:mem_rtl_16" CBX_FILE_NAME="mux_u5d.tdf"/>
		<CBX_INST_ENTRY INSTANCE_NAME="|instr_rom_rv32i|lpm_mux:mem_rtl_25" CBX_FILE_NAME="mux_u5d.tdf"/>
		<CBX_INST_ENTRY INSTANCE_NAME="|instr_rom_rv32i|lpm_mux:mem_rtl_7" CBX_FILE_NAME="mux_kpc.tdf"/>
		<CBX_INST_ENTRY INSTANCE_NAME="|instr_rom_rv32i|lpm_mux:mem_rtl_0" CBX_FILE_NAME="mux_kpc.tdf"/>
		<CBX_INST_ENTRY INSTANCE_NAME="|instr_rom_rv32i|lpm_mux:mem_rtl_17" CBX_FILE_NAME="mux_u5d.tdf"/>
		<CBX_INST_ENTRY INSTANCE_NAME="|instr_rom_rv32i|lpm_mux:mem_rtl_26" CBX_FILE_NAME="mux_u5d.tdf"/>
		<CBX_INST_ENTRY INSTANCE_NAME="|instr_rom_rv32i|lpm_mux:mem_rtl_8" CBX_FILE_NAME="mux_kpc.tdf"/>
		<CBX_INST_ENTRY INSTANCE_NAME="|instr_rom_rv32i|lpm_mux:mem_rtl_1" CBX_FILE_NAME="mux_kpc.tdf"/>
		<CBX_INST_ENTRY INSTANCE_NAME="|instr_rom_rv32i|lpm_mux:mem_rtl_10" CBX_FILE_NAME="mux_u5d.tdf"/>
		<CBX_INST_ENTRY INSTANCE_NAME="|instr_rom_rv32i|lpm_mux:mem_rtl_18" CBX_FILE_NAME="mux_u5d.tdf"/>
		<CBX_INST_ENTRY INSTANCE_NAME="|instr_rom_rv32i|lpm_mux:mem_rtl_27" CBX_FILE_NAME="mux_u5d.tdf"/>
		<CBX_INST_ENTRY INSTANCE_NAME="|instr_rom_rv32i|lpm_mux:mem_rtl_9" CBX_FILE_NAME="mux_u5d.tdf"/>
		<CBX_INST_ENTRY INSTANCE_NAME="|instr_rom_rv32i|lpm_mux:mem_rtl_11" CBX_FILE_NAME="mux_u5d.tdf"/>
		<CBX_INST_ENTRY INSTANCE_NAME="|instr_rom_rv32i|lpm_mux:mem_rtl_19" CBX_FILE_NAME="mux_u5d.tdf"/>
		<CBX_INST_ENTRY INSTANCE_NAME="|instr_rom_rv32i|lpm_mux:mem_rtl_2" CBX_FILE_NAME="mux_u5d.tdf"/>
		<CBX_INST_ENTRY INSTANCE_NAME="|instr_rom_rv32i|lpm_mux:mem_rtl_20" CBX_FILE_NAME="mux_kpc.tdf"/>
		<CBX_INST_ENTRY INSTANCE_NAME="|instr_rom_rv32i|lpm_mux:mem_rtl_28" CBX_FILE_NAME="mux_u5d.tdf"/>
	</PROJECT>
</LOG_ROOT>
